Category,Title,Text,Date
Reviews,Customer Feedback #1,"Dragon Energy Potion Fuel your gaming prowess with our 'Dragon Potion', an energy drink for those who dare to take on the greatest challenges. Packed with a fiery tropical flavor and a potent energy blend, this potion sets the stage for epic gaming sessions. Embrace the spirit of the dragon - play hard, play long.",2023-01-26
Reviews,Customer Feedback #2,"Hiking Boots for Outdoor Adventures Gear up for your next outdoor adventure with these durable and comfortable hiking boots. These boots are designed to handle all types of terrain, from rocky trails to muddy paths. They feature a waterproof upper, a rugged outsole for excellent traction, and a cushioned insole for maximum comfort. The mixed-color design adds a stylish touch to these practical boots. Get ready to conquer the great outdoors with our Hiking Boots for Outdoor Adventures.",2023-02-04
Reviews,Customer Feedback #3,Encountered some bugs. Hope they fix it soon.,2023-03-14
Reviews,Customer Feedback #4,This Python app simplified my workflow significantly. Highly recommended.,2023-04-19
Reviews,Customer Feedback #5,Been a fan of this app since day one. It just keeps getting better!,2023-05-23
Reviews,Customer Feedback #6,"Classic Leather Sneakers Step out in style with these timeless classic leather sneakers. Made from premium genuine leather, these sneakers offer both comfort and durability. The sleek design and neutral color make them versatile for any occasion. Whether you're dressing up for a formal event or going for a casual outing, these sneakers will complement your look perfectly.",2023-06-12
Reviews,Customer Feedback #7,"Kids' Light-Up Sneakers Make your child's every step magical with these fun and vibrant light-up sneakers. The shoes feature colorful LED lights embedded in the sole that illuminate with each stride, creating an enchanting visual display. Made with breathable materials and a cushioned footbed, these sneakers ensure comfort for active play. Let your little one's personality shine with these exciting and playful shoes.",2023-07-28
Reviews,Customer Feedback #8,A fantastic tool - it has everything you need and more.,2023-08-11
Reviews,Customer Feedback #9,"Running Shoes for Men Stay comfortable during your runs with our Men's Running Shoes. Featuring a breathable upper and a cushioned midsole, these shoes provide excellent ventilation and shock absorption. The durable outsole offers solid traction, ensuring stability even on slippery surfaces. With a sleek design and various color options, you can hit the road or the treadmill in style.",2023-09-20
Reviews,Customer Feedback #10,"Dark Red Energy Potion Unleash the power within with our 'Dark Red Potion', an energy drink as intense as the games you play. Its deep red color and bold cherry cola flavor are as inviting as they are invigorating. Bring out the best in your gaming performance, and unlock your full potential.",2023-10-23
Reviews,Customer Feedback #11,"Teal Energy Potion Experience a surge of vitality with our 'Teal Potion', an exceptional energy drink designed for the gaming community. With its intriguing teal color and a flavor that keeps you asking for more, this potion is your best companion during those long gaming nights. Every sip is an adventure - let the quest begin!",2023-11-24
Reviews,Customer Feedback #12,"Blue Energy Potion Ignite your gaming sessions with our 'Blue Energy Potion', a premium energy drink crafted for dedicated gamers. Inspired by the classic video game potions, this energy drink provides a much-needed boost to keep you focused and energized. It's more than just an energy drink - it's an ode to the gaming culture, packaged in an aesthetically pleasing potion-like bottle that'll make you feel like you're in your favorite game world. Drink up and game on!",2023-12-01
Reviews,Customer Feedback #13,"Women's High Heel Sandals Step out in style with our Women's High Heel Sandals. These sandals feature a strappy design that adds a touch of elegance to any outfit. The comfortable footbed and sturdy heel make them perfect for a night out, while the buckle closure ensures a secure fit. Choose from black, red, nude, or silver to complement your wardrobe.",2023-01-26
Reviews,Customer Feedback #14,The interface could be a little more user-friendly.,2023-02-28
Reviews,Customer Feedback #15,The app is reliable and efficient. I can't imagine my day without it now.,2023-03-13
Reviews,Customer Feedback #16,"Red Energy Potion Elevate your game with our 'Red Potion', an extraordinary energy drink that's as enticing as it is effective. This fiery red potion delivers an explosive berry flavor and an energy kick that keeps you at the top of your game. Are you ready to level up?",2023-04-25
Reviews,Customer Feedback #17,We've been using this utility for years - awesome service!,2023-05-07
Reviews,Customer Feedback #18,Take a look at this collection of recent user testimonials 👇,2023-06-25
Reviews,Customer Feedback #19,The recent updates really improved the overall experience.,2023-07-08
Reviews,Customer Feedback #20,"Had a few issues at first, but their support team is top-notch!",2023-08-15
Reviews,Customer Feedback #21,A decent web app. There's room for improvement though.,2023-09-20
Reviews,Customer Feedback #22,"Cat-Ear Beanie Add a touch of whimsy to your winter wardrobe with our Cat Ear Beanie. Crafted from warm, soft material, this cozy beanie features adorable cat ears that stand out, making it the perfect accessory for cat lovers and fashion enthusiasts alike. Available in a variety of colors like black, grey, white, pink, and blue, this beanie not only keeps you warm but also adds a playful element to your outfit. Wear it for a casual day out, or make it your go-to accessory for those chilly evening walks. Stay warm, look cute, and let your playful side shine with our Cat Ear Beanie.",2023-10-15
Reviews,Customer Feedback #23,"Box of Chocolate Candy Indulge your sweet tooth with our Box of Chocolate Candy. Each box contains an assortment of rich, flavorful chocolates with a smooth, creamy filling. Choose from a variety of flavors including zesty orange and sweet cherry. Whether you're looking for the perfect gift or just want to treat yourself, our Box of Chocolate Candy is sure to satisfy.",2023-11-17
