Title,Text,Date
Testimonials Entry #1,A fantastic tool - it has everything you need and more.,2023-04-20
Testimonials Entry #2,Been a fan of this app since day one. It just keeps getting better!,2023-07-19
Testimonials Entry #3,A decent web app. There's room for improvement though.,2023-01-25
Testimonials Entry #4,The recent updates really improved the overall experience.,2023-04-18
Testimonials Entry #5,"Had a few issues at first, but their support team is top-notch!",2023-08-10
Testimonials Entry #6,The interface could be a little more user-friendly.,2023-02-13
Testimonials Entry #7,Encountered some bugs. Hope they fix it soon.,2023-01-02
Testimonials Entry #8,The app is reliable and efficient. I can't imagine my day without it now.,2023-12-29
Testimonials Entry #9,We've been using this utility for years - awesome service!,2023-03-01
Testimonials Entry #10,This Python app simplified my workflow significantly. Highly recommended.,2023-12-03
